metric,rhat,ess
mid,8.627406546657344,261.25697728204665
posterior_mean,,
