metric,rhat,ess
mid,8.627406546657344,64886.86844156863
posterior_mean,3.0156875652065294,2576.737638029703
