{
  "config": "flat_prior_tests/config/default_sim.yaml",
  "regimes": "flat_prior_tests/config/regimes.yaml",
  "out_dir": "flat_prior_tests/results/run_visual_v2",
  "mode": "synthetic",
  "seed": 12345,
  "total_days": 800,
  "training_days": 560,
  "incoming_days": 240,
  "ml_prior": {
    "mu": 0.4390030593245863,
    "variance": 0.2447951550892959,
    "N_eff": 2.0,
    "alpha_ml": 0.8780061186491726,
    "beta_ml": 1.1219938813508274,
    "model_type": "ensemble_logistic",
    "n_models": 16,
    "features_used": [
      "best_bid",
      "best_ask",
      "mid",
      "spread",
      "bid_sz1",
      "ask_sz1",
      "imbalance",
      "order_flow_imbalance",
      "microprice",
      "mid_return_vol",
      "event_intensity"
    ],
    "best_bid": 107.53,
    "best_ask": 102.11999999999999,
    "mid": 104.82499999999999,
    "spread": -5.410000000000011,
    "bid_sz1": 41.0,
    "ask_sz1": 32.0,
    "imbalance": 0.12328767123287503,
    "order_flow_imbalance": 558.0,
    "microprice": 104.49150684931364,
    "mid_return_vol": 0.00014304960559984866,
    "event_intensity": 0.1043588837005925,
    "n_events_used": 2000
  },
  "mp4_name": "capopm_v2.mp4"
}